"team","wins","losses","ties","games_played","win_pct","season","avg_age","made_playoffs_prev","rank_defence","rank_offense"
"ARI",5,11,0,16,0.3125,2002,25.5893614940843,"No",29,29
"ATL",9,6,1,16,0.59375,2002,26.9176933607118,"No",8,5
"BAL",7,9,0,16,0.4375,2002,25.6895581413035,"No",19,23
"BUF",8,8,0,16,0.5,2002,26.2907314309991,"No",27,11
"CAR",7,9,0,16,0.4375,2002,26.9219516964897,"No",5,30
"CHI",4,12,0,16,0.25,2002,26.6128759512018,"No",25,27
"CIN",2,14,0,16,0.125,2002,26.5515002980725,"No",32,28
"CLE",9,7,0,16,0.5625,2002,26.3571070043349,"No",10,19
"DAL",5,11,0,16,0.3125,2002,25.6869372926868,"No",13,31
"DEN",9,7,0,16,0.5625,2002,27.2624796431353,"No",15,7
"DET",3,13,0,16,0.1875,2002,27.5593771389459,"No",31,26
"GB",12,4,0,16,0.75,2002,27.1742800741997,"No",12,6
"HOU",4,12,0,16,0.25,2002,25.768488154709,"No",20,32
"IND",10,6,0,16,0.625,2002,26.0154114503985,"No",7,17
"JAX",6,10,0,16,0.375,2002,26.3183875284767,"No",9,21
"KC",8,8,0,16,0.5,2002,28.0527891854894,"No",28,1
"LA",7,9,0,16,0.4375,2002,27.0374315537303,"No",24,24
"LAC",8,8,0,16,0.5,2002,26.9522863262017,"No",22,20
"LV",11,5,0,16,0.6875,2002,27.7178769211623,"No",6,2
"MIA",9,7,0,16,0.5625,2002,27.371845767739,"No",4,12
"MIN",6,10,0,16,0.375,2002,26.9946872657345,"No",30,9
"NE",9,7,0,16,0.5625,2002,27.6573198236106,"No",17,10
"NO",9,7,0,16,0.5625,2002,27.4157882728725,"No",26,3
"NYG",10,6,0,16,0.625,2002,26.37234770705,"No",3,22
"NYJ",9,7,0,16,0.5625,2002,27.1578947368421,"No",14,15
"PHI",12,4,0,16,0.75,2002,27.504897835527,"No",2,4
"PIT",10,5,1,16,0.65625,2002,26.9222141264269,"No",16,8
"SEA",7,9,0,16,0.4375,2002,26.7728778940278,"No",23,16
"SF",10,6,0,16,0.625,2002,26.4336589716467,"No",18,13
"TB",12,4,0,16,0.75,2002,27.0719528247249,"No",1,18
"TEN",11,5,0,16,0.6875,2002,26.3860129447507,"No",11,14
"WAS",7,9,0,16,0.4375,2002,26.9207555650904,"No",21,25
"ARI",4,12,0,16,0.25,2003,26.2530267838108,"No",32,32
"ATL",5,11,0,16,0.3125,2003,26.5868956505507,"Yes",30,20
"BAL",10,6,0,16,0.625,2003,26.3754335897168,"No",7,9
"BUF",6,10,0,16,0.375,2003,26.5639972621492,"No",5,30
"CAR",11,5,0,16,0.6875,2003,27.8432220180842,"No",8,14
"CHI",7,9,0,16,0.4375,2003,25.9150179807264,"No",21,22
"CIN",8,8,0,16,0.5,2003,26.4066157246889,"No",28,13
"CLE",5,11,0,16,0.3125,2003,26.0244450963137,"Yes",13,29
"DAL",10,6,0,16,0.625,2003,26.429158110883,"No",4,24
"DEN",10,6,0,16,0.625,2003,27.4450854491922,"No",12,10
"DET",5,11,0,16,0.3125,2003,27.6892539356605,"No",25,26
"GB",10,6,0,16,0.625,2003,26.986909650924,"Yes",10,4
"HOU",5,11,0,16,0.3125,2003,25.8815879534565,"No",27,28
"IND",12,4,0,16,0.75,2003,26.1355684967628,"Yes",19,2
"JAX",5,11,0,16,0.3125,2003,26.5086698608259,"No",16,25
"KC",13,3,0,16,0.8125,2003,27.6253784846692,"No",22,1
"LA",12,4,0,16,0.75,2003,26.6140485968515,"No",17,3
"LAC",4,12,0,16,0.25,2003,26.639416495551,"No",31,16
"LV",4,12,0,16,0.25,2003,27.833836614728,"Yes",25,26
"MIA",10,6,0,16,0.625,2003,27.6289560314201,"No",2,17
"MIN",9,7,0,16,0.5625,2003,26.3166008529458,"No",23,6
"NE",14,2,0,16,0.875,2003,28.0007581740641,"No",1,11
"NO",8,8,0,16,0.5,2003,27.9410934291581,"No",14,15
"NYG",4,12,0,16,0.25,2003,26.7816991786448,"Yes",29,30
"NYJ",6,10,0,16,0.375,2003,27.2947378099237,"Yes",9,22
"PHI",12,4,0,16,0.75,2003,26.7051290543375,"Yes",6,12
"PIT",6,10,0,16,0.375,2003,26.8617149330879,"Yes",15,19
"SEA",10,6,0,16,0.625,2003,26.9008945219382,"No",20,7
"SF",7,9,0,16,0.4375,2003,26.7727475201808,"Yes",18,8
"TB",7,9,0,16,0.4375,2003,27.1884228023858,"Yes",3,18
"TEN",12,4,0,16,0.75,2003,26.6511836484222,"Yes",11,5
"WAS",5,11,0,16,0.3125,2003,26.8834546699023,"No",24,21
"ARI",6,10,0,16,0.375,2004,26.2713389661247,"No",11,26
"ATL",11,5,0,16,0.6875,2004,26.9217145790554,"No",14,14
"BAL",9,7,0,16,0.5625,2004,26.7011366569047,"Yes",5,20
"BUF",9,7,0,16,0.5625,2004,26.8617037320619,"No",8,7
"CAR",7,9,0,16,0.4375,2004,27.5391150299956,"Yes",15,13
"CHI",5,11,0,16,0.3125,2004,25.7200144945042,"No",12,32
"CIN",8,8,0,16,0.5,2004,26.0659223134839,"No",21,10
"CLE",4,12,0,16,0.25,2004,26.4120062809518,"No",24,27
"DAL",6,10,0,16,0.375,2004,26.4405524016588,"Yes",26,25
"DEN",10,6,0,16,0.625,2004,27.2563202402243,"Yes",13,9
"DET",6,10,0,16,0.375,2004,26.8681811761894,"No",18,24
"GB",10,6,0,16,0.625,2004,26.9974903034451,"Yes",23,5
"HOU",7,9,0,16,0.4375,2004,26.7338136173273,"No",15,21
"IND",12,4,0,16,0.75,2004,25.8806583100923,"Yes",19,1
"JAX",9,7,0,16,0.5625,2004,26.6650239561944,"No",7,29
"KC",7,9,0,16,0.4375,2004,27.4308518660309,"Yes",29,2
"LA",8,8,0,16,0.5,2004,27.2034098687076,"Yes",28,18
"LAC",12,4,0,16,0.75,2004,26.2743243523531,"No",10,4
"LV",5,11,0,16,0.3125,2004,27.7036837557927,"No",31,19
"MIA",4,12,0,16,0.25,2004,26.9664233021523,"No",20,28
"MIN",8,8,0,16,0.5,2004,26.8442057600168,"No",25,6
"NE",14,2,0,16,0.875,2004,27.4089146080933,"Yes",2,3
"NO",8,8,0,16,0.5,2004,28.0232941730905,"No",26,15
"NYG",6,10,0,16,0.375,2004,26.7168325172432,"No",17,22
"NYJ",10,6,0,16,0.625,2004,26.5784057819696,"No",3,17
"PHI",13,3,0,16,0.8125,2004,27.1321013004791,"Yes",1,8
"PIT",15,1,0,16,0.9375,2004,27.5076044965719,"No",6,11
"SEA",9,7,0,16,0.5625,2004,26.9105492813142,"Yes",22,12
"SF",2,14,0,16,0.125,2004,26.2032854209446,"No",32,30
"TB",5,11,0,16,0.3125,2004,28.0845263228929,"No",9,23
"TEN",5,11,0,16,0.3125,2004,26.457486034753,"Yes",30,16
"WAS",6,10,0,16,0.375,2004,27.486881131645,"No",4,31
"ARI",5,11,0,16,0.3125,2005,26.4638495623041,"No",26,17
"ATL",8,8,0,16,0.5,2005,26.7066473406611,"Yes",18,12
"BAL",6,10,0,16,0.375,2005,26.7884180615187,"No",10,25
"BUF",5,11,0,16,0.3125,2005,26.7505487502655,"No",24,24
"CAR",11,5,0,16,0.6875,2005,27.2682637462925,"No",4,9
"CHI",11,5,0,16,0.6875,2005,26.6172997946612,"No",1,26
"CIN",11,5,0,16,0.6875,2005,26.5768280374482,"No",23,4
"CLE",6,10,0,16,0.375,2005,26.4873374401095,"No",11,32
"DAL",9,7,0,16,0.5625,2005,26.7879902336367,"No",12,15
"DEN",13,3,0,16,0.8125,2005,27.5819113030754,"Yes",6,8
"DET",5,11,0,16,0.3125,2005,27.3188559102317,"No",21,28
"GB",4,12,0,16,0.25,2005,26.1639288158795,"Yes",19,21
"HOU",2,14,0,16,0.125,2005,26.7862489236272,"No",32,27
"IND",14,2,0,16,0.875,2005,26.0997549181957,"Yes",2,2
"JAX",12,4,0,16,0.75,2005,26.4779757567729,"No",8,14
"KC",10,6,0,16,0.625,2005,28.0394250513347,"No",16,5
"LA",6,10,0,16,0.375,2005,27.2108731788403,"Yes",31,11
"LAC",9,7,0,16,0.5625,2005,26.301272231457,"Yes",13,3
"LV",4,12,0,16,0.25,2005,27.4271859302312,"No",25,23
"MIA",9,7,0,16,0.5625,2005,27.1571153008525,"No",14,16
"MIN",9,7,0,16,0.5625,2005,26.5924452429843,"Yes",19,19
"NE",10,6,0,16,0.625,2005,27.8133766485846,"Yes",17,10
"NO",3,13,0,16,0.1875,2005,27.9980624440583,"No",28,31
"NYG",11,5,0,16,0.6875,2005,27.2370228080634,"No",15,6
"NYJ",4,12,0,16,0.25,2005,26.6623459958932,"Yes",22,29
"PHI",6,10,0,16,0.375,2005,26.7217707339175,"Yes",27,18
"PIT",11,5,0,16,0.6875,2005,27.4686681300007,"Yes",3,7
"SEA",13,3,0,16,0.8125,2005,27.0571298197582,"Yes",5,1
"SF",4,12,0,16,0.25,2005,26.3077768458802,"No",30,30
"TB",11,5,0,16,0.6875,2005,27.0420260095825,"No",7,22
"TEN",4,12,0,16,0.25,2005,25.4772471351924,"No",29,20
"WAS",10,6,0,16,0.625,2005,27.4958504449008,"No",9,13
"ARI",5,11,0,16,0.3125,2006,26.5872248349562,"No",29,18
"ATL",7,9,0,16,0.4375,2006,27.2322645185068,"No",14,25
"BAL",13,3,0,16,0.8125,2006,26.7423839499108,"No",1,13
"BUF",7,9,0,16,0.4375,2006,26.7259867670545,"No",9,23
"CAR",8,8,0,16,0.5,2006,27.0790035882438,"Yes",6,27
"CHI",13,3,0,16,0.8125,2006,26.7731386417218,"Yes",3,2
"CIN",8,8,0,16,0.5,2006,26.5348458836862,"Yes",15,8
"CLE",4,12,0,16,0.25,2006,26.1463542295768,"No",23,30
"DAL",9,7,0,16,0.5625,2006,26.4946383755419,"No",21,4
"DEN",9,7,0,16,0.5625,2006,27.6416153319644,"Yes",6,17
"DET",3,13,0,16,0.1875,2006,27.1741716555321,"No",30,21
"GB",8,8,0,16,0.5,2006,26.0535565734744,"No",25,22
"HOU",6,10,0,16,0.375,2006,26.9220433012717,"No",25,28
"IND",12,4,0,16,0.75,2006,26.6395089532137,"Yes",18,3
"JAX",8,8,0,16,0.5,2006,26.2043910914547,"Yes",4,9
"KC",9,7,0,16,0.5625,2006,27.2433971078735,"No",12,16
"LA",8,8,0,16,0.5,2006,27.8010060515194,"No",28,10
"LAC",14,2,0,16,0.875,2006,26.8584531143053,"No",8,1
"LV",2,14,0,16,0.125,2006,26.9326032397901,"No",16,32
"MIA",6,10,0,16,0.375,2006,27.3360711841205,"No",5,29
"MIN",6,10,0,16,0.375,2006,26.6463718044827,"No",13,26
"NE",12,4,0,16,0.75,2006,27.4636630833031,"Yes",2,5
"NO",10,6,0,16,0.625,2006,27.7414978495612,"No",19,6
"NYG",8,8,0,16,0.5,2006,27.3452745748434,"Yes",24,12
"NYJ",10,6,0,16,0.625,2006,26.5390143737166,"No",10,19
"PHI",10,6,0,16,0.625,2006,26.8783788332716,"No",17,7
"PIT",8,8,0,16,0.5,2006,27.3563523403359,"Yes",11,11
"SEA",9,7,0,16,0.5625,2006,27.116841808592,"Yes",20,14
"SF",7,9,0,16,0.4375,2006,26.8101120947925,"No",32,24
"TB",4,12,0,16,0.25,2006,27.2991523192755,"Yes",22,31
"TEN",8,8,0,16,0.5,2006,26.1072184489022,"No",31,15
"WAS",5,11,0,16,0.3125,2006,28.0916752224504,"Yes",27,20
"ARI",8,8,0,16,0.5,2007,26.9816906228611,"No",27,6
"ATL",4,12,0,16,0.25,2007,26.7883621502048,"No",29,29
"BAL",5,11,0,16,0.3125,2007,26.715823533072,"Yes",22,24
"BUF",7,9,0,16,0.4375,2007,26.3970446213421,"No",18,30
"CAR",7,9,0,16,0.4375,2007,26.9534670668141,"No",16,26
"CHI",7,9,0,16,0.4375,2007,27.1246577686516,"Yes",17,18
"CIN",7,9,0,16,0.4375,2007,26.4138717773215,"No",24,11
"CLE",10,6,0,16,0.625,2007,27.1315116095404,"No",21,7
"DAL",13,3,0,16,0.8125,2007,26.5259315297141,"Yes",13,3
"DEN",7,9,0,16,0.4375,2007,27.2847364818617,"No",28,21
"DET",7,9,0,16,0.4375,2007,27.1406096983099,"No",32,16
"GB",13,3,0,16,0.8125,2007,26.1547783350725,"No",7,4
"HOU",8,8,0,16,0.5,2007,27.1514675685469,"No",22,12
"IND",13,3,0,16,0.8125,2007,26.0821579650139,"Yes",2,2
"JAX",11,5,0,16,0.6875,2007,27.1914482425414,"No",11,5
"KC",4,12,0,16,0.25,2007,27.2493385229908,"Yes",15,31
"LA",3,13,0,16,0.1875,2007,27.2805828246744,"No",31,28
"LAC",11,5,0,16,0.6875,2007,26.6408037547668,"Yes",4,10
"LV",4,12,0,16,0.25,2007,26.898143394935,"No",26,23
"MIA",1,15,0,16,0.0625,2007,26.9345197353411,"No",30,26
"MIN",8,8,0,16,0.5,2007,26.5467204795959,"No",10,15
"NE",16,0,0,16,1,2007,27.6594956036434,"Yes",1,1
"NO",7,9,0,16,0.4375,2007,27.6904490292581,"Yes",25,12
"NYG",10,6,0,16,0.625,2007,26.5827647877062,"Yes",14,14
"NYJ",4,12,0,16,0.25,2007,26.3169269699044,"Yes",19,25
"PHI",8,8,0,16,0.5,2007,26.8141393751668,"Yes",8,17
"PIT",10,6,0,16,0.625,2007,27.0036431079022,"No",5,9
"SEA",10,6,0,16,0.625,2007,27.5138548497494,"Yes",9,8
"SF",5,11,0,16,0.3125,2007,27.2539356605065,"No",20,32
"TB",9,7,0,16,0.5625,2007,27.5112737949985,"No",3,19
"TEN",10,6,0,16,0.625,2007,26.7874181454126,"No",6,22
"WAS",9,7,0,16,0.5625,2007,28.4070131100932,"No",12,19
"ARI",9,7,0,16,0.5625,2008,27.3334749463051,"No",28,2
"ATL",11,5,0,16,0.6875,2008,27.1621263974447,"No",11,10
"BAL",11,5,0,16,0.6875,2008,27.1074606433949,"No",3,15
"BUF",7,9,0,16,0.4375,2008,26.4252058907951,"No",14,22
"CAR",12,4,0,16,0.75,2008,26.8804111579428,"No",13,9
"CHI",9,7,0,16,0.5625,2008,26.7532939767283,"No",15,11
"CIN",4,11,1,16,0.28125,2008,26.3022735260928,"No",19,32
"CLE",4,12,0,16,0.25,2008,26.6775746118662,"No",15,30
"DAL",9,7,0,16,0.5625,2008,26.7634909770433,"Yes",20,19
"DEN",8,8,0,16,0.5,2008,26.990417522245,"No",30,13
"DET",0,16,0,16,0,2008,27.6402618310823,"No",32,27
"GB",6,10,0,16,0.375,2008,25.8384885325337,"Yes",22,4
"HOU",8,8,0,16,0.5,2008,26.9468258042437,"No",27,16
"IND",12,4,0,16,0.75,2008,25.9086497696323,"Yes",7,12
"JAX",5,11,0,16,0.3125,2008,26.9258498745152,"Yes",21,24
"KC",2,14,0,16,0.125,2008,25.8752476674232,"No",29,26
"LA",2,14,0,16,0.125,2008,27.7843735092195,"No",31,30
"LAC",8,8,0,16,0.5,2008,26.8903947068218,"Yes",17,3
"LV",5,11,0,16,0.3125,2008,26.6071084922973,"No",24,29
"MIA",11,5,0,16,0.6875,2008,26.3830808757155,"No",10,23
"MIN",10,6,0,16,0.625,2008,27.1702919987471,"No",12,14
"NE",11,5,0,16,0.6875,2008,27.8010080268807,"Yes",8,7
"NO",8,8,0,16,0.5,2008,27.7525053089735,"No",26,1
"NYG",12,4,0,16,0.75,2008,27.3607574720511,"Yes",6,6
"NYJ",9,7,0,16,0.5625,2008,27.2727312234499,"No",18,8
"PHI",9,6,1,16,0.59375,2008,27.0410913639689,"No",4,5
"PIT",12,4,0,16,0.75,2008,27.3079861341105,"Yes",2,17
"SEA",4,12,0,16,0.25,2008,27.0082033365003,"Yes",25,25
"SF",7,9,0,16,0.4375,2008,27.1465086792114,"No",23,21
"TB",9,7,0,16,0.5625,2008,27.3649489912324,"Yes",9,20
"TEN",13,3,0,16,0.8125,2008,27.4648414328086,"Yes",1,18
"WAS",8,8,0,16,0.5,2008,27.8292817557572,"Yes",5,28
"ARI",10,6,0,16,0.625,2009,27.5399527499945,"Yes",20,9
"ATL",9,7,0,16,0.5625,2009,27.580392776286,"Yes",13,13
"BAL",9,7,0,16,0.5625,2009,26.7828297643493,"Yes",2,11
"BUF",6,10,0,16,0.375,2009,26.6369023173951,"No",14,28
"CAR",8,8,0,16,0.5,2009,26.4684628627134,"Yes",9,21
"CHI",7,9,0,16,0.4375,2009,26.7830470540943,"No",21,19
"CIN",10,6,0,16,0.625,2009,26.3995550992471,"No",5,22
"CLE",5,11,0,16,0.3125,2009,27.0170750627424,"No",21,29
"DAL",11,5,0,16,0.6875,2009,26.9754674159732,"No",3,16
"DEN",8,8,0,16,0.5,2009,27.4007248572166,"No",11,20
"DET",2,14,0,16,0.125,2009,27.2003369662507,"No",32,27
"GB",11,5,0,16,0.6875,2009,26.1692469823887,"No",15,2
"HOU",9,7,0,16,0.5625,2009,27.0837466435002,"No",16,10
"IND",14,2,0,16,0.875,2009,26.265305913962,"Yes",7,7
"JAX",7,9,0,16,0.4375,2009,26.2914603212948,"No",24,24
"KC",4,12,0,16,0.25,2009,26.1743162603272,"No",29,23
"LA",1,15,0,16,0.0625,2009,26.1858316221766,"No",31,32
"LAC",13,3,0,16,0.8125,2009,27.2066550834518,"Yes",10,4
"LV",5,11,0,16,0.3125,2009,26.6092981624809,"No",23,31
"MIA",7,9,0,16,0.4375,2009,26.2735534144158,"Yes",25,14
"MIN",12,4,0,16,0.75,2009,27.313826146475,"Yes",8,3
"NE",10,6,0,16,0.625,2009,27.6703714568191,"No",6,6
"NO",13,3,0,16,0.8125,2009,27.7606336168964,"No",18,1
"NYG",8,8,0,16,0.5,2009,26.5565691587841,"Yes",30,8
"NYJ",9,7,0,16,0.5625,2009,27.1839438299,"No",1,17
"PHI",11,5,0,16,0.6875,2009,26.8963039014374,"Yes",19,5
"PIT",9,7,0,16,0.5625,2009,27.4886537145264,"Yes",11,12
"SEA",5,11,0,16,0.3125,2009,27.4430184804928,"No",25,25
"SF",8,8,0,16,0.5,2009,27.2671686059776,"No",4,18
"TB",3,13,0,16,0.1875,2009,25.9521569239033,"No",27,30
"TEN",8,8,0,16,0.5,2009,27.2550003802571,"Yes",28,15
"WAS",4,12,0,16,0.25,2009,27.3502961045145,"No",17,26
"ARI",5,11,0,16,0.3125,2010,26.8567517356018,"Yes",30,26
"ATL",13,3,0,16,0.8125,2010,27.1903295198983,"No",6,6
"BAL",12,4,0,16,0.75,2010,27.4844891921132,"Yes",3,13
"BUF",4,12,0,16,0.25,2010,26.562057951175,"No",28,28
"CAR",2,14,0,16,0.125,2010,25.6135581455881,"No",25,32
"CHI",11,5,0,16,0.6875,2010,27.5299393424438,"No",4,21
"CIN",4,12,0,16,0.25,2010,26.4650683016649,"Yes",24,23
"CLE",5,11,0,16,0.3125,2010,27.4893147767891,"No",12,31
"DAL",6,10,0,16,0.375,2010,26.4028264283126,"Yes",31,9
"DEN",4,12,0,16,0.25,2010,26.6102751131407,"No",32,19
"DET",6,10,0,16,0.375,2010,26.7310254408036,"No",19,15
"GB",10,6,0,16,0.625,2010,26.3348708944638,"Yes",1,7
"HOU",6,10,0,16,0.375,2010,26.5966559108243,"No",29,11
"IND",10,6,0,16,0.625,2010,26.1332238193018,"Yes",23,4
"JAX",8,8,0,16,0.5,2010,26.3915705044779,"No",26,17
"KC",10,6,0,16,0.625,2010,26.6783133969992,"No",14,18
"LA",7,9,0,16,0.4375,2010,26.2986396303901,"No",11,26
"LAC",9,7,0,16,0.5625,2010,27.5478895733516,"Yes",9,2
"LV",8,8,0,16,0.5,2010,26.8895373272332,"No",20,5
"MIA",7,9,0,16,0.4375,2010,26.138945927447,"No",13,30
"MIN",6,10,0,16,0.375,2010,27.560596009056,"Yes",18,29
"NE",14,2,0,16,0.875,2010,26.8587855676151,"Yes",8,1
"NO",11,5,0,16,0.6875,2010,27.4401305744222,"Yes",10,8
"NYG",10,6,0,16,0.625,2010,26.6606516914525,"No",17,9
"NYJ",11,5,0,16,0.6875,2010,27.3753850102669,"Yes",5,14
"PHI",10,6,0,16,0.625,2010,26.3207576082626,"Yes",21,3
"PIT",12,4,0,16,0.75,2010,27.5386953444936,"No",2,12
"SEA",7,9,0,16,0.4375,2010,26.8322518822724,"No",27,22
"SF",6,10,0,16,0.375,2010,26.8420602327173,"No",16,24
"TB",10,6,0,16,0.625,2010,25.4240246406571,"No",7,20
"TEN",6,10,0,16,0.375,2010,26.8021685516552,"No",15,16
"WAS",6,10,0,16,0.375,2010,27.4897280996736,"No",22,25
"ARI",8,8,0,16,0.5,2011,27.5204721670538,"No",16,24
"ATL",10,6,0,16,0.625,2011,27.3978584438335,"Yes",17,10
"BAL",12,4,0,16,0.75,2011,26.8743155373032,"Yes",3,14
"BUF",6,10,0,16,0.375,2011,26.5759705391831,"No",30,13
"CAR",6,10,0,16,0.375,2011,25.917082233304,"No",27,5
"CHI",8,8,0,16,0.5,2011,26.4788991388029,"Yes",14,17
"CIN",9,7,0,16,0.5625,2011,26.3208304814054,"No",12,19
"CLE",4,12,0,16,0.25,2011,26.3671036697731,"No",5,30
"DAL",8,8,0,16,0.5,2011,26.8194885196939,"No",15,15
"DEN",8,8,0,16,0.5,2011,26.7682198704786,"No",26,25
"DET",10,6,0,16,0.625,2011,27.3917945001409,"No",24,4
"GB",15,1,0,16,0.9375,2011,26.0714482990502,"Yes",22,2
"HOU",10,6,0,16,0.625,2011,27.2631912307048,"No",4,11
"IND",2,14,0,16,0.125,2011,26.6038762203249,"Yes",28,28
"JAX",5,11,0,16,0.3125,2011,26.4083162217659,"No",10,28
"KC",7,9,0,16,0.4375,2011,26.8849190052475,"Yes",13,31
"LA",2,14,0,16,0.125,2011,26.957988789611,"No",25,32
"LAC",8,8,0,16,0.5,2011,27.249910611215,"No",23,5
"LV",8,8,0,16,0.5,2011,26.8842402464066,"No",29,16
"MIA",6,10,0,16,0.375,2011,27.1004729943711,"No",6,20
"MIN",3,13,0,16,0.1875,2011,26.9684524920665,"No",31,18
"NE",13,3,0,16,0.8125,2011,26.7843181991026,"Yes",11,3
"NO",13,3,0,16,0.8125,2011,26.8452258726899,"Yes",18,1
"NYG",9,7,0,16,0.5625,2011,27.1176171866375,"No",21,7
"NYJ",8,8,0,16,0.5,2011,26.7459800979308,"Yes",19,12
"PHI",8,8,0,16,0.5,2011,26.2250057038558,"Yes",9,8
"PIT",12,4,0,16,0.75,2011,27.4240083439262,"Yes",1,21
"SEA",7,9,0,16,0.4375,2011,25.7996045326641,"Yes",7,23
"SF",13,3,0,16,0.8125,2011,26.6179231446172,"No",2,9
"TB",4,12,0,16,0.25,2011,25.4703918030407,"No",32,27
"TEN",9,7,0,16,0.5625,2011,26.52026369826,"No",8,22
"WAS",5,11,0,16,0.3125,2011,26.7606117257654,"No",20,26
"ARI",5,11,0,16,0.3125,2012,27.0592915811088,"No",17,31
"ATL",13,3,0,16,0.8125,2012,27.1980378736026,"Yes",6,7
"BAL",10,6,0,16,0.625,2012,26.9275254990406,"Yes",9,11
"BUF",6,10,0,16,0.375,2012,26.682546201232,"No",26,21
"CAR",7,9,0,16,0.4375,2012,26.2691146273705,"No",18,18
"CHI",10,6,0,16,0.625,2012,27.149092080364,"No",2,15
"CIN",10,6,0,16,0.625,2012,26.3659242878955,"Yes",8,13
"CLE",5,11,0,16,0.3125,2012,25.8868925393566,"No",19,24
"DAL",8,8,0,16,0.5,2012,26.4646055663206,"No",24,14
"DEN",13,3,0,16,0.8125,2012,26.8809820356594,"Yes",4,2
"DET",4,12,0,16,0.25,2012,27.5762115471749,"Yes",27,16
"GB",11,5,0,16,0.6875,2012,26.0075718685832,"Yes",13,4
"HOU",12,4,0,16,0.75,2012,26.5784904881414,"Yes",10,10
"IND",11,5,0,16,0.6875,2012,26.0482926458286,"No",21,20
"JAX",2,14,0,16,0.125,2012,26.5239685641952,"No",29,30
"KC",2,14,0,16,0.125,2012,26.4233298073134,"No",25,32
"LA",7,8,1,16,0.46875,2012,25.7327453686561,"No",14,25
"LAC",7,9,0,16,0.4375,2012,27.2479365462818,"No",15,19
"LV",4,12,0,16,0.25,2012,26.7616203098749,"No",28,26
"MIA",7,9,0,16,0.4375,2012,26.1208317667814,"No",7,27
"MIN",10,6,0,16,0.625,2012,26.1197320817444,"No",16,17
"NE",12,4,0,16,0.75,2012,26.350186987273,"Yes",11,1
"NO",7,9,0,16,0.4375,2012,26.6957673710009,"Yes",31,3
"NYG",9,7,0,16,0.5625,2012,26.803832991102,"Yes",11,5
"NYJ",6,10,0,16,0.375,2012,26.3412865970636,"No",20,28
"PHI",4,12,0,16,0.25,2012,26.1366743048736,"No",29,29
"PIT",8,8,0,16,0.5,2012,26.9708247775496,"Yes",5,22
"SEA",11,5,0,16,0.6875,2012,26.2363677846224,"No",1,9
"SF",11,4,1,16,0.71875,2012,27.1269906456765,"Yes",3,8
"TB",7,9,0,16,0.4375,2012,25.9719466697516,"No",23,12
"TEN",6,10,0,16,0.375,2012,26.2425103985679,"No",32,23
"WAS",10,6,0,16,0.625,2012,26.8616492575068,"No",22,6
"ARI",10,6,0,16,0.625,2013,27.0052618069815,"No",6,17
"ATL",4,12,0,16,0.25,2013,26.6402007757244,"Yes",27,20
"BAL",8,8,0,16,0.5,2013,26.8597293060431,"Yes",11,25
"BUF",6,10,0,16,0.375,2013,26.0166927171126,"No",21,22
"CAR",12,4,0,16,0.75,2013,27.0302446954141,"No",2,19
"CHI",8,8,0,16,0.5,2013,27.276921348085,"No",30,4
"CIN",11,5,0,16,0.6875,2013,26.476510484724,"Yes",5,7
"CLE",4,12,0,16,0.25,2013,25.5429574740351,"No",23,27
"DAL",8,8,0,16,0.5,2013,26.4595026237737,"No",26,5
"DEN",13,3,0,16,0.8125,2013,27.1196926541697,"Yes",18,1
"DET",7,9,0,16,0.4375,2013,27.1961918984506,"No",14,12
"GB",8,7,1,16,0.53125,2013,25.789614555559,"Yes",24,9
"HOU",2,14,0,16,0.125,2013,26.1605768239056,"Yes",25,31
"IND",11,5,0,16,0.6875,2013,26.4878778053964,"Yes",14,10
"JAX",4,12,0,16,0.25,2013,25.4806963020515,"No",28,32
"KC",11,5,0,16,0.6875,2013,26.031398368154,"No",7,3
"LA",7,9,0,16,0.4375,2013,25.5333730763286,"No",12,21
"LAC",9,7,0,16,0.5625,2013,26.4244498371808,"No",9,14
"LV",4,12,0,16,0.25,2013,26.2172857942878,"No",29,24
"MIA",8,8,0,16,0.5,2013,26.1685791359665,"No",8,26
"MIN",5,10,1,16,0.34375,2013,26.1516940451745,"Yes",32,15
"NE",12,4,0,16,0.75,2013,26.2286105407255,"Yes",10,2
"NO",11,5,0,16,0.6875,2013,26.8667824988154,"No",4,11
"NYG",7,9,0,16,0.4375,2013,26.9776374799514,"No",17,28
"NYJ",8,8,0,16,0.5,2013,26.3166128874548,"No",20,29
"PHI",10,6,0,16,0.625,2013,26.108875199635,"No",18,6
"PIT",8,8,0,16,0.5,2013,27.0944961146676,"No",13,16
"SEA",13,3,0,16,0.8125,2013,25.9050048742041,"Yes",1,8
"SF",12,4,0,16,0.75,2013,26.7707049965777,"Yes",3,13
"TB",4,12,0,16,0.25,2013,25.9798463761503,"No",22,30
"TEN",7,9,0,16,0.4375,2013,26.8545567848642,"No",16,18
"WAS",3,13,0,16,0.1875,2013,26.7820241707275,"Yes",30,23
"ARI",11,5,0,16,0.6875,2014,26.9404926088245,"No",5,24
"ATL",6,10,0,16,0.375,2014,26.8896059450474,"No",27,12
"BAL",10,6,0,16,0.625,2014,26.2059646035005,"No",8,8
"BUF",9,7,0,16,0.5625,2014,26.1018871614354,"No",4,18
"CAR",7,8,1,16,0.46875,2014,26.5944508922814,"Yes",20,19
"CHI",5,11,0,16,0.3125,2014,27.0070727812001,"No",31,23
"CIN",10,5,1,16,0.65625,2014,26.4208590006845,"Yes",13,16
"CLE",7,9,0,16,0.4375,2014,26.0814510609172,"No",9,27
"DAL",12,4,0,16,0.75,2014,26.3231947296372,"No",15,5
"DEN",12,4,0,16,0.75,2014,26.0940070241582,"Yes",17,4
"DET",11,5,0,16,0.6875,2014,26.7611026793243,"No",3,22
"GB",12,4,0,16,0.75,2014,25.988090349076,"Yes",14,2
"HOU",9,7,0,16,0.5625,2014,26.3493754277892,"No",6,14
"IND",11,5,0,16,0.6875,2014,26.954382574385,"Yes",18,6
"JAX",3,13,0,16,0.1875,2014,25.5163391023761,"No",26,32
"KC",9,7,0,16,0.5625,2014,26.3837696783025,"Yes",2,15
"LA",6,10,0,16,0.375,2014,25.7145899199287,"No",16,21
"LAC",9,7,0,16,0.5625,2014,26.9945645609373,"Yes",12,17
"LV",3,13,0,16,0.1875,2014,26.8563433586987,"No",32,31
"MIA",8,8,0,16,0.5,2014,26.0244285700514,"No",19,11
"MIN",7,9,0,16,0.4375,2014,25.903943558153,"No",11,20
"NE",12,4,0,16,0.75,2014,26.1188476137141,"Yes",7,1
"NO",7,9,0,16,0.4375,2014,26.6475419736683,"Yes",28,10
"NYG",6,10,0,16,0.375,2014,26.7509696554871,"No",22,13
"NYJ",4,12,0,16,0.25,2014,26.2225218874825,"No",24,28
"PHI",10,6,0,16,0.625,2014,26.7550857822511,"Yes",22,3
"PIT",11,5,0,16,0.6875,2014,26.9208619509547,"No",21,7
"SEA",12,4,0,16,0.75,2014,26.0087726909024,"Yes",1,9
"SF",8,8,0,16,0.5,2014,26.7836800285689,"Yes",10,25
"TB",2,14,0,16,0.125,2014,26.021336983801,"No",25,29
"TEN",2,14,0,16,0.125,2014,26.9312355997725,"No",29,30
"WAS",4,12,0,16,0.25,2014,26.5019830665804,"No",29,26
"ARI",13,3,0,16,0.8125,2015,26.9566615603577,"Yes",13,2
"ATL",8,8,0,16,0.5,2015,27.3433503905783,"No",14,21
"BAL",5,11,0,16,0.3125,2015,26.3676933607118,"Yes",24,24
"BUF",8,8,0,16,0.5,2015,26.3278400814335,"No",15,12
"CAR",15,1,0,16,0.9375,2015,27.3245765566094,"Yes",6,1
"CHI",6,10,0,16,0.375,2015,26.581756294282,"No",20,22
"CIN",12,4,0,16,0.75,2015,26.541421594218,"Yes",2,5
"CLE",3,13,0,16,0.1875,2015,26.1631839594154,"No",29,30
"DAL",4,12,0,16,0.25,2015,26.1624458133698,"Yes",16,31
"DEN",12,4,0,16,0.75,2015,26.6874322118675,"Yes",4,18
"DET",7,9,0,16,0.4375,2015,26.9898147864374,"Yes",23,17
"GB",10,6,0,16,0.625,2015,25.9139821142043,"Yes",11,14
"HOU",9,7,0,16,0.5625,2015,26.1484589669573,"No",10,26
"IND",8,8,0,16,0.5,2015,27.1270939154869,"Yes",25,23
"JAX",5,11,0,16,0.3125,2015,25.5703469699363,"No",31,14
"KC",11,5,0,16,0.6875,2015,26.189491757445,"No",1,9
"LA",7,9,0,16,0.4375,2015,25.4601870864705,"No",12,29
"LAC",4,12,0,16,0.25,2015,26.7983085332808,"No",21,25
"LV",7,9,0,16,0.4375,2015,26.6695679712321,"No",22,16
"MIA",6,10,0,16,0.375,2015,25.8427278248547,"No",18,27
"MIN",11,5,0,16,0.6875,2015,26.1044799187477,"No",5,19
"NE",12,4,0,16,0.75,2015,26.0560548281288,"Yes",8,3
"NO",7,9,0,16,0.4375,2015,27.241980378736,"No",32,6
"NYG",6,10,0,16,0.375,2015,26.5657412355958,"No",30,4
"NYJ",10,6,0,16,0.625,2015,26.7517059714185,"No",7,10
"PHI",7,9,0,16,0.4375,2015,26.7591639024904,"No",28,13
"PIT",10,6,0,16,0.625,2015,26.8582293058679,"Yes",9,7
"SEA",10,6,0,16,0.625,2015,26.3847853720544,"Yes",3,7
"SF",5,11,0,16,0.3125,2015,26.2656117888634,"No",17,32
"TB",6,10,0,16,0.375,2015,26.0740532380711,"No",26,20
"TEN",3,13,0,16,0.1875,2015,25.939072289791,"No",27,28
"WAS",9,7,0,16,0.5625,2015,26.5859782927545,"No",19,11
"ARI",7,8,1,16,0.46875,2016,26.2236080479293,"Yes",14,6
"ATL",11,5,0,16,0.6875,2016,26.7559015010426,"No",27,1
"BAL",8,8,0,16,0.5,2016,26.3589795590708,"No",9,20
"BUF",7,9,0,16,0.4375,2016,26.3765880369276,"No",17,10
"CAR",6,10,0,16,0.375,2016,26.7903064210537,"Yes",26,15
"CHI",3,13,0,16,0.1875,2016,25.9545859000684,"No",23,29
"CIN",6,9,1,16,0.40625,2016,26.3783193960857,"Yes",7,24
"CLE",1,15,0,16,0.0625,2016,25.2240588637919,"No",30,31
"DAL",13,3,0,16,0.8125,2016,26.0175705600515,"No",8,5
"DEN",9,7,0,16,0.5625,2016,26.0006949928921,"Yes",3,21
"DET",9,7,0,16,0.5625,2016,26.1426816093945,"No",13,22
"GB",10,6,0,16,0.625,2016,25.3542761140297,"Yes",25,4
"HOU",9,7,0,16,0.5625,2016,25.9496718605307,"Yes",12,28
"IND",8,8,0,16,0.5,2016,26.2410436043,"No",21,7
"JAX",3,13,0,16,0.1875,2016,25.6559557504116,"No",24,25
"KC",12,4,0,16,0.75,2016,25.650033398481,"Yes",6,13
"LA",4,12,0,16,0.25,2016,25.1833152152031,"No",22,32
"LAC",5,11,0,16,0.3125,2016,25.984257357974,"No",29,8
"LV",12,4,0,16,0.75,2016,25.8208869195576,"No",20,9
"MIA",10,6,0,16,0.625,2016,26.3164297039482,"No",19,19
"MIN",8,8,0,16,0.5,2016,26.4912191874584,"Yes",5,23
"NE",14,2,0,16,0.875,2016,26.0602509696555,"Yes",1,3
"NO",7,9,0,16,0.4375,2016,26.6249303599,"No",31,2
"NYG",11,5,0,16,0.6875,2016,26.123724780809,"No",4,27
"NYJ",5,11,0,16,0.3125,2016,25.8486859907995,"No",28,30
"PHI",7,9,0,16,0.4375,2016,26.0394738075816,"No",11,16
"PIT",11,5,0,16,0.6875,2016,26.0922997946612,"Yes",10,12
"SEA",10,5,1,16,0.65625,2016,25.5916540680401,"Yes",2,17
"SF",2,14,0,16,0.125,2016,26.200979862387,"No",32,26
"TB",9,7,0,16,0.5625,2016,26.0661407111207,"No",15,18
"TEN",9,7,0,16,0.5625,2016,26.2581144853921,"No",16,14
"WAS",8,7,1,16,0.53125,2016,26.7639567728066,"Yes",18,11
"ARI",8,8,0,16,0.5,2017,27.0806421504573,"No",18,24
"ATL",10,6,0,16,0.625,2017,26.4179185129147,"Yes",6,15
"BAL",9,7,0,16,0.5625,2017,26.4588571142385,"No",5,9
"BUF",9,7,0,16,0.5625,2017,26.506823501576,"No",16,27
"CAR",11,5,0,16,0.6875,2017,26.5311430527036,"No",13,11
"CHI",5,11,0,16,0.3125,2017,26.4925051334702,"No",8,29
"CIN",7,9,0,16,0.4375,2017,25.67783421593,"No",17,25
"CLE",0,16,0,16,0,2017,24.7481957043468,"No",31,32
"DAL",9,7,0,16,0.5625,2017,25.8119392493109,"Yes",9,14
"DEN",5,11,0,16,0.3125,2017,25.6857859913301,"No",22,26
"DET",9,7,0,16,0.5625,2017,25.9597796681986,"Yes",21,8
"GB",7,9,0,16,0.4375,2017,25.4966677473972,"Yes",26,21
"HOU",4,12,0,16,0.25,2017,26.0251789985311,"Yes",32,17
"IND",4,12,0,16,0.25,2017,25.6203458598253,"No",30,30
"JAX",10,6,0,16,0.625,2017,25.6213306262449,"No",3,6
"KC",10,6,0,16,0.625,2017,26.0803047920635,"Yes",15,7
"LA",11,5,0,16,0.6875,2017,25.2545756775736,"No",12,3
"LAC",9,7,0,16,0.5625,2017,26.0717559500602,"No",1,13
"LV",6,10,0,16,0.375,2017,26.0582513779315,"Yes",20,22
"MIA",6,10,0,16,0.375,2017,26.3736464311413,"Yes",29,28
"MIN",13,3,0,16,0.8125,2017,25.9352642386253,"No",2,10
"NE",13,3,0,16,0.8125,2017,26.5480590593527,"Yes",7,2
"NO",11,5,0,16,0.6875,2017,26.3815992358087,"No",14,4
"NYG",3,13,0,16,0.1875,2017,25.8523081603164,"Yes",27,31
"NYJ",5,11,0,16,0.3125,2017,25.6226667004673,"No",22,23
"PHI",13,3,0,16,0.8125,2017,26.1483572895277,"No",4,1
"PIT",13,3,0,16,0.8125,2017,25.983953152331,"Yes",11,5
"SEA",9,7,0,16,0.5625,2017,25.7030091619043,"Yes",9,12
"SF",6,10,0,16,0.375,2017,25.6647035373935,"No",25,19
"TB",5,11,0,16,0.3125,2017,26.1609139206675,"No",22,18
"TEN",9,7,0,16,0.5625,2017,26.4658207409747,"No",19,20
"WAS",7,9,0,16,0.4375,2017,26.0269758827556,"No",27,16
"ARI",3,13,0,16,0.1875,2018,26.2866168738859,"No",26,32
"ATL",7,9,0,16,0.4375,2018,26.8354893908282,"Yes",25,9
"BAL",10,6,0,16,0.625,2018,25.785523613963,"No",2,13
"BUF",6,10,0,16,0.375,2018,26.363677846224,"Yes",19,30
"CAR",7,9,0,16,0.4375,2018,26.7919066459658,"Yes",20,14
"CHI",12,4,0,16,0.75,2018,25.8537051046507,"No",1,10
"CIN",6,10,0,16,0.375,2018,25.5199078479491,"No",30,17
"CLE",7,8,1,16,0.46875,2018,25.3645163871037,"No",21,19
"DAL",10,6,0,16,0.625,2018,25.5138910826796,"No",7,21
"DEN",6,10,0,16,0.375,2018,25.8957256484694,"No",12,24
"DET",6,10,0,16,0.375,2018,26.2979808350445,"No",17,25
"GB",6,9,1,16,0.40625,2018,25.576099807106,"No",22,14
"HOU",11,5,0,16,0.6875,2018,25.720721891543,"No",5,12
"IND",10,6,0,16,0.625,2018,25.7837866937376,"No",8,8
"JAX",5,11,0,16,0.3125,2018,25.7964758129984,"Yes",4,31
"KC",12,4,0,16,0.75,2018,25.7607118412047,"Yes",24,1
"LA",13,3,0,16,0.8125,2018,25.5800697657158,"Yes",18,2
"LAC",12,4,0,16,0.75,2018,25.910500004332,"No",11,6
"LV",4,12,0,16,0.25,2018,26.7755346884157,"No",32,28
"MIA",7,9,0,16,0.4375,2018,26.37234770705,"No",27,26
"MIN",8,7,1,16,0.53125,2018,25.8945557467118,"Yes",10,18
"NE",11,5,0,16,0.6875,2018,26.5722108145106,"Yes",6,4
"NO",13,3,0,16,0.8125,2018,26.5858517534324,"Yes",14,3
"NYG",5,11,0,16,0.3125,2018,25.9477000298356,"No",23,16
"NYJ",4,12,0,16,0.25,2018,25.8957221081451,"No",29,23
"PHI",9,7,0,16,0.5625,2018,26.3213346197933,"Yes",9,20
"PIT",9,6,1,16,0.59375,2018,25.958274442874,"Yes",16,5
"SEA",10,6,0,16,0.625,2018,25.4383299110198,"No",13,7
"SF",4,12,0,16,0.25,2018,25.6124163311022,"No",28,22
"TB",5,11,0,16,0.3125,2018,25.8730943936283,"No",31,11
"TEN",9,7,0,16,0.5625,2018,26.1660793807725,"Yes",3,27
"WAS",7,9,0,16,0.4375,2018,26.0829745424036,"No",15,29
"ARI",5,10,1,16,0.34375,2019,26.1064224134616,"No",28,17
"ATL",7,9,0,16,0.4375,2019,26.7867692536058,"No",22,13
"BAL",14,2,0,16,0.875,2019,26.3694577534413,"Yes",3,1
"BUF",10,6,0,16,0.625,2019,26.4060374943332,"No",2,23
"CAR",5,11,0,16,0.3125,2019,26.3852221244418,"No",31,20
"CHI",8,8,0,16,0.5,2019,26.1319826602783,"Yes",4,29
"CIN",2,14,0,16,0.125,2019,25.6272083171467,"No",25,30
"CLE",6,10,0,16,0.375,2019,25.3837929630304,"No",20,22
"DAL",8,8,0,16,0.5,2019,26.2240789256296,"Yes",9,6
"DEN",7,9,0,16,0.4375,2019,25.6080202923058,"No",8,28
"DET",3,12,1,16,0.21875,2019,25.8885820607834,"No",26,18
"GB",13,3,0,16,0.8125,2019,25.7578142824549,"No",12,14
"HOU",10,6,0,16,0.625,2019,26.2037766235858,"Yes",23,12
"IND",7,9,0,16,0.4375,2019,25.7399726214921,"Yes",18,16
"JAX",6,10,0,16,0.375,2019,25.6192006666071,"No",21,26
"KC",12,4,0,16,0.75,2019,25.9968595240971,"Yes",10,2
"LA",9,7,0,16,0.5625,2019,25.3032919842855,"Yes",17,10
"LAC",5,11,0,16,0.3125,2019,25.9857334883683,"Yes",13,21
"LV",7,9,0,16,0.4375,2019,25.963070849848,"No",24,24
"MIA",5,11,0,16,0.3125,2019,25.2304357745836,"No",32,25
"MIN",10,6,0,16,0.625,2019,25.7501350913217,"No",6,11
"NE",12,4,0,16,0.75,2019,27.1491868756444,"Yes",1,7
"NO",13,3,0,16,0.8125,2019,26.274078419869,"Yes",14,5
"NYG",4,12,0,16,0.25,2019,25.7047244419155,"No",30,19
"NYJ",7,9,0,16,0.4375,2019,26.2555521575138,"No",16,31
"PHI",9,7,0,16,0.5625,2019,26.0766759270443,"Yes",15,15
"PIT",8,8,0,16,0.5,2019,25.6215247221407,"No",5,27
"SEA",11,5,0,16,0.6875,2019,25.9231094601973,"Yes",19,9
"SF",13,3,0,16,0.8125,2019,26.4007449500979,"No",7,3
"TB",7,9,0,16,0.4375,2019,25.6400740233731,"No",29,4
"TEN",9,7,0,16,0.5625,2019,26.2742529392908,"No",11,8
"WAS",3,13,0,16,0.1875,2019,26.1377663215227,"No",27,32
"ARI",8,8,0,16,0.5,2020,27.1124412017417,"No",12,14
"ATL",4,12,0,16,0.25,2020,26.294964969353,"No",19,16
"BAL",11,5,0,16,0.6875,2020,26.4282247526601,"Yes",1,9
"BUF",13,3,0,16,0.8125,2020,26.7777081306964,"Yes",14,3
"CAR",5,11,0,16,0.3125,2020,26.1483661099233,"No",18,24
"CHI",8,8,0,16,0.5,2020,26.8338838794155,"No",13,23
"CIN",4,11,1,16,0.28125,2020,25.9336508075204,"No",21,29
"CLE",11,5,0,16,0.6875,2020,25.4851230019729,"No",22,13
"DAL",6,10,0,16,0.375,2020,26.1477114658541,"No",28,17
"DEN",5,11,0,16,0.3125,2020,26.0549969305023,"No",25,28
"DET",5,11,0,16,0.3125,2020,26.5649098790783,"No",32,20
"GB",13,3,0,16,0.8125,2020,25.938680609948,"Yes",15,1
"HOU",4,12,0,16,0.25,2020,26.3234010190889,"Yes",27,18
"IND",11,5,0,16,0.6875,2020,26.0054471822952,"No",11,8
"JAX",1,15,0,16,0.0625,2020,25.841524496728,"No",31,30
"KC",14,2,0,16,0.875,2020,26.5323013741905,"Yes",10,6
"LA",10,6,0,16,0.625,2020,25.4046447956958,"No",2,22
"LAC",7,9,0,16,0.4375,2020,25.7874819377899,"No",23,18
"LV",8,8,0,16,0.5,2020,26.4003297196647,"No",30,10
"MIA",10,6,0,16,0.625,2020,25.6183159141422,"No",4,15
"MIN",7,9,0,16,0.4375,2020,25.7189916553803,"Yes",29,11
"NE",7,9,0,16,0.4375,2020,26.6025846937877,"Yes",8,27
"NO",12,4,0,16,0.75,2020,27.0492084989879,"Yes",3,5
"NYG",6,10,0,16,0.375,2020,26.2041933816648,"No",9,31
"NYJ",2,14,0,16,0.125,2020,26.4968092976307,"No",26,32
"PHI",4,11,1,16,0.28125,2020,26.0430021129066,"Yes",20,26
"PIT",12,4,0,16,0.75,2020,25.9848159424737,"No",5,12
"SEA",12,4,0,16,0.75,2020,26.3523666614016,"Yes",16,7
"SF",6,10,0,16,0.375,2020,26.940305074802,"Yes",17,21
"TB",11,5,0,16,0.6875,2020,27.1486772014403,"No",7,2
"TEN",11,5,0,16,0.6875,2020,26.8412399359286,"Yes",24,4
"WAS",7,9,0,16,0.4375,2020,26.2435897435897,"No",5,25
"ARI",11,6,0,17,0.647058823529412,2021,27.3292569777169,"No",16,10
"ATL",7,10,0,17,0.411764705882353,2021,26.5251898190153,"No",29,26
"BAL",8,9,0,17,0.470588235294118,2021,26.7729129407609,"Yes",18,17
"BUF",11,6,0,17,0.647058823529412,2021,26.461713964794,"Yes",1,3
"CAR",5,12,0,17,0.294117647058824,2021,25.8841123696393,"No",20,29
"CHI",6,11,0,17,0.352941176470588,2021,26.866965341298,"Yes",21,27
"CIN",10,7,0,17,0.588235294117647,2021,26.014965892224,"No",13,9
"CLE",8,9,0,17,0.470588235294118,2021,25.7478688320577,"Yes",14,20
"DAL",12,5,0,17,0.705882352941177,2021,25.8855833054773,"No",8,1
"DEN",7,10,0,17,0.411764705882353,2021,25.8887932113076,"No",2,23
"DET",3,13,1,17,0.205882352941176,2021,25.2925421221109,"No",31,25
"GB",13,4,0,17,0.764705882352941,2021,25.9206177083574,"Yes",10,10
"HOU",4,13,0,17,0.235294117647059,2021,26.8112119937656,"No",27,30
"IND",9,8,0,17,0.529411764705882,2021,26.2324865991433,"Yes",11,8
"JAX",3,14,0,17,0.176470588235294,2021,25.8640097069255,"No",28,32
"KC",12,5,0,17,0.705882352941177,2021,26.2514684112507,"Yes",17,4
"LA",12,5,0,17,0.705882352941177,2021,25.7866131131018,"Yes",9,6
"LAC",9,8,0,17,0.529411764705882,2021,26.1393696424497,"No",29,5
"LV",10,7,0,17,0.588235294117647,2021,26.9535160551141,"No",26,18
"MIA",9,8,0,17,0.529411764705882,2021,26.1946003498365,"No",15,22
"MIN",8,9,0,17,0.470588235294118,2021,25.9481500280707,"No",24,13
"NE",10,7,0,17,0.588235294117647,2021,26.8316699298028,"No",3,7
"NO",9,8,0,17,0.529411764705882,2021,27.0384787072583,"Yes",4,19
"NYG",4,13,0,17,0.235294117647059,2021,26.2321927754003,"No",23,31
"NYJ",4,13,0,17,0.235294117647059,2021,25.7617522245038,"No",32,28
"PHI",9,8,0,17,0.529411764705882,2021,25.758326942266,"No",19,12
"PIT",9,7,1,17,0.558823529411765,2021,26.1403148528405,"Yes",22,21
"SEA",7,10,0,17,0.411764705882353,2021,26.2007702266973,"Yes",12,16
"SF",10,7,0,17,0.588235294117647,2021,26.9415525307479,"No",5,15
"TB",13,4,0,17,0.764705882352941,2021,27.6303586741879,"Yes",7,2
"TEN",12,5,0,17,0.705882352941177,2021,26.7561206760385,"Yes",6,14
"WAS",7,10,0,17,0.411764705882353,2021,26.2385067305499,"Yes",25,23
"ARI",4,13,0,17,0.235294117647059,2022,27.0546947918611,"Yes",31,21
"ATL",7,10,0,17,0.411764705882353,2022,25.9832343438358,"No",21,15
"BAL",10,7,0,17,0.588235294117647,2022,26.9165765089459,"No",3,20
"BUF",13,3,0,16,0.764705882352941,2022,27.2154101887161,"Yes",4,3
"CAR",7,10,0,17,0.411764705882353,2022,26.0644010182344,"No",17,19
"CHI",3,14,0,17,0.176470588235294,2022,26.38336133408,"No",32,23
"CIN",12,4,0,16,0.705882352941177,2022,25.9661955952812,"Yes",5,7
"CLE",7,10,0,17,0.411764705882353,2022,25.7085053496163,"No",19,17
"DAL",12,5,0,17,0.705882352941177,2022,26.4685375313712,"Yes",6,4
"DEN",5,12,0,17,0.294117647058824,2022,26.1873410425448,"No",12,32
"DET",9,8,0,17,0.529411764705882,2022,25.7648490379497,"No",28,5
"GB",8,9,0,17,0.470588235294118,2022,25.9825081755267,"Yes",16,14
"HOU",3,13,1,17,0.205882352941176,2022,26.6458216663555,"No",27,30
"IND",4,12,1,17,0.264705882352941,2022,26.0142927586791,"No",28,30
"JAX",9,8,0,17,0.529411764705882,2022,26.0822910833178,"No",14,9
"KC",14,3,0,17,0.823529411764706,2022,26.012715795878,"Yes",18,1
"LA",5,12,0,17,0.294117647058824,2022,26.3037189139859,"Yes",20,27
"LAC",10,7,0,17,0.588235294117647,2022,26.1521996142119,"No",23,12
"LV",6,11,0,17,0.352941176470588,2022,26.3932466347251,"Yes",26,13
"MIA",9,8,0,17,0.529411764705882,2022,26.7882753796512,"No",24,11
"MIN",13,4,0,17,0.764705882352941,2022,26.000912616929,"No",30,8
"NE",8,9,0,17,0.470588235294118,2022,26.9149710658951,"Yes",11,16
"NO",7,10,0,17,0.411764705882353,2022,26.9453740515823,"No",9,22
"NYG",9,7,1,17,0.558823529411765,2022,25.7646613365955,"No",22,18
"NYJ",7,10,0,17,0.411764705882353,2022,26.7313400444066,"No",2,29
"PHI",14,3,0,17,0.823529411764706,2022,26.4469003068546,"Yes",7,2
"PIT",9,8,0,17,0.529411764705882,2022,26.2408572711282,"Yes",10,26
"SEA",9,8,0,17,0.529411764705882,2022,26.6306834848929,"No",25,10
"SF",13,4,0,17,0.764705882352941,2022,27.0931888680152,"Yes",1,6
"TB",8,9,0,17,0.470588235294118,2022,27.2636454801585,"Yes",15,25
"TEN",7,10,0,17,0.411764705882353,2022,26.5770149677786,"Yes",12,28
"WAS",8,8,1,17,0.5,2022,26.2135373182601,"No",8,24
"ARI",4,13,0,17,0.235294117647059,2023,26.1816301862612,"No",31,24
"ATL",7,10,0,17,0.411764705882353,2023,26.3764842424784,"No",17,26
"BAL",13,4,0,17,0.764705882352941,2023,26.6775862343409,"Yes",1,4
"BUF",11,6,0,17,0.647058823529412,2023,27.1904793446822,"Yes",3,6
"CAR",2,15,0,17,0.117647058823529,2023,26.8447125256674,"No",29,31
"CHI",7,10,0,17,0.411764705882353,2023,26.389788172129,"No",19,19
"CIN",9,8,0,17,0.529411764705882,2023,25.9860650415065,"Yes",20,16
"CLE",11,6,0,17,0.647058823529412,2023,26.6931517705969,"No",21,12
"DAL",12,5,0,17,0.705882352941177,2023,26.380576994186,"Yes",9,1
"DEN",8,9,0,17,0.470588235294118,2023,26.4406812416959,"No",27,20
"DET",12,5,0,17,0.705882352941177,2023,26.5781528533069,"No",25,5
"GB",9,8,0,17,0.529411764705882,2023,25.2090415048283,"No",13,8
"HOU",10,7,0,17,0.588235294117647,2023,26.8817522245038,"No",11,13
"IND",9,8,0,17,0.529411764705882,2023,26.0864134154689,"No",28,11
"JAX",9,8,0,17,0.529411764705882,2023,26.2023136529183,"Yes",16,15
"KC",11,6,0,17,0.647058823529412,2023,26.0355325417373,"Yes",2,14
"LA",10,7,0,17,0.588235294117647,2023,25.9747626318468,"No",18,9
"LAC",5,12,0,17,0.294117647058824,2023,26.1421135571367,"Yes",23,21
"LV",8,9,0,17,0.470588235294118,2023,26.6668092630618,"No",7,23
"MIA",11,6,0,17,0.647058823529412,2023,27.2380374587767,"Yes",22,3
"MIN",7,10,0,17,0.411764705882353,2023,26.4686493013097,"Yes",12,22
"NE",4,13,0,17,0.235294117647059,2023,26.9310213704464,"No",14,31
"NO",9,8,0,17,0.529411764705882,2023,26.9819239624168,"No",6,10
"NYG",6,11,0,17,0.352941176470588,2023,26.3413683302086,"Yes",26,30
"NYJ",7,10,0,17,0.411764705882353,2023,27.1008115771976,"No",10,29
"PHI",11,6,0,17,0.647058823529412,2023,26.3841672092286,"Yes",30,7
"PIT",10,7,0,17,0.588235294117647,2023,26.5294395011027,"No",8,28
"SEA",9,8,0,17,0.529411764705882,2023,26.1581994604823,"Yes",24,17
"SF",12,5,0,17,0.705882352941177,2023,26.9723020762035,"Yes",4,2
"TB",9,8,0,17,0.529411764705882,2023,26.1152292950034,"Yes",5,18
"TEN",6,11,0,17,0.352941176470588,2023,26.3139402235911,"No",15,27
"WAS",4,13,0,17,0.235294117647059,2023,26.299940291552,"No",32,25
"ARI",8,9,0,17,0.470588235294118,2024,26.2170230712325,"No",16,11
"ATL",8,9,0,17,0.470588235294118,2024,26.8393337896418,"No",23,14
"BAL",12,5,0,17,0.705882352941177,2024,26.5382676871383,"Yes",8,3
"BUF",13,4,0,17,0.764705882352941,2024,26.7268423454255,"Yes",12,2
"CAR",5,12,0,17,0.294117647058824,2024,26.7750755106782,"No",32,23
"CHI",5,12,0,17,0.294117647058824,2024,26.3821127081907,"No",14,28
"CIN",9,8,0,17,0.529411764705882,2024,25.9034360027379,"No",25,7
"CLE",3,14,0,17,0.176470588235294,2024,26.6087486777425,"Yes",27,32
"DAL",7,10,0,17,0.411764705882353,2024,26.5523129999516,"Yes",31,21
"DEN",10,7,0,17,0.588235294117647,2024,26.1884442663728,"No",3,10
"DET",15,2,0,17,0.882352941176471,2024,26.6893115072892,"Yes",11,1
"GB",11,6,0,17,0.647058823529412,2024,25.2544832306639,"Yes",5,8
"HOU",10,7,0,17,0.588235294117647,2024,26.8116206555632,"Yes",10,18
"IND",8,9,0,17,0.470588235294118,2024,26.3475614196048,"No",24,16
"JAX",4,13,0,17,0.235294117647059,2024,26.224095999534,"No",27,26
"KC",15,2,0,17,0.882352941176471,2024,26.1710327090204,"Yes",6,12
"LA",10,7,0,17,0.588235294117647,2024,26.1722684534745,"Yes",15,19
"LAC",11,6,0,17,0.647058823529412,2024,26.1126740742162,"No",2,13
"LV",4,13,0,17,0.235294117647059,2024,25.7995919804895,"No",25,29
"MIA",8,9,0,17,0.470588235294118,2024,26.9654835240051,"Yes",9,22
"MIN",14,3,0,17,0.823529411764706,2024,26.848858191774,"No",4,9
"NE",4,13,0,17,0.235294117647059,2024,25.8561745159082,"No",21,30
"NO",5,12,0,17,0.294117647058824,2024,26.7905747453595,"No",18,24
"NYG",3,14,0,17,0.176470588235294,2024,26.1945568918875,"No",20,31
"NYJ",5,12,0,17,0.294117647058824,2024,26.772217333203,"No",19,24
"PHI",14,3,0,17,0.823529411764706,2024,26.3400327712443,"Yes",1,5
"PIT",10,7,0,17,0.588235294117647,2024,26.9198821533792,"Yes",7,20
"SEA",10,7,0,17,0.588235294117647,2024,26.1462740739345,"No",13,17
"SF",6,11,0,17,0.352941176470588,2024,27.373891103327,"Yes",29,14
"TB",10,7,0,17,0.588235294117647,2024,26.1568267005639,"Yes",17,4
"TEN",3,14,0,17,0.176470588235294,2024,26.4647501711157,"No",30,27
"WAS",12,5,0,17,0.705882352941177,2024,27.2548621049648,"No",22,6
